search_country,search_keyword,topic_title,topic_type,topic_mid
China,Shanghai,Shanghai,Municipality in China,/m/06wjf
China,Beijing,Beijing,Capital of China,/m/01914
Nigeria,Lagos,Lagos,City in Nigeria,/m/0lnfy
India,Mumbai,Mumbai,City in India,/m/04vmp
Brazil,São Paulo,São Paulo,City in Brazil,/m/022pfm
Mexico,Mexico City,Mexico City,Capital of Mexico,/m/04sqj
Pakistan,Karachi,Karachi,City in Pakistan,/m/04cjn
India,Delhi,Delhi,City in India,/m/09f07
Russian Federation,Moscow,Moscow,Capital of Russia,/m/04swd
Bangladesh,Dhaka,Dhaka,Capital of Bangladesh,/m/0fnb4
"Korea, Republic of",Seoul,Seoul,Capital of South Korea,/m/0hsqf
Egypt,Cairo,Cairo,Capital of Egypt,/m/01w2v
Viet Nam,Ho Chi Minh City,Ho Chi Minh City,City in Vietnam,/m/0hn4h
United Kingdom,London,London,Capital of England,/m/04jpl
Indonesia,Jakarta,Jakarta,Capital of Indonesia,/m/044rv
Japan,Tokyo,Tokyo,Capital of Japan,/m/07dfk
Viet Nam,Hanoi,Hanoi,Capital of Vietnam,/m/0fnff
"Congo, Democratic Republic of the",Kinshasa,Kinshasa,Capital of the Democratic Republic of the Congo,/m/0cf0s
Peru,Lima,Lima,Capital of Peru,/m/0lpfh
Colombia,Bogotá,Bogotá,Capital of Colombia,/m/01dzyc
Iraq,Baghdad,Baghdad,Capital of Iraq,/m/01fqm
"Iran, Islamic Rep. of",Tehran,Tehran,Capital of Iran,/m/0ftlx
Brazil,Rio de Janeiro,Rio de Janeiro,City in Brazil,/m/06gmr
Côte d'Ivoire,Abidjan,Abidjan,City in Côte d’Ivoire,/m/0fmyd
Pakistan,Lahore,Lahore,City in Pakistan,/m/0xnt5
South Africa,Johannesburg,Johannesburg,City in South Africa,/m/0g284
"Tanzania, United Republic of",Dar es Salaam,Dar es Salaam,City in Tanzania,/m/02cdt
Russian Federation,Saint Petersburg,Saint Petersburg,City in Russia,/m/06pr6
Egypt,Alexandria,Alexandria,City in Virginia,/m/013h9
Australia,Sydney,Sydney,City in Australia,/m/06y57
Thailand,Bangkok,Bangkok,Capital of Thailand,/m/0fn2g
Australia,Melbourne,Melbourne,City in Australia,/m/0chgzm
Chile,Santiago,Santiago,Capital of Chile,/m/0dlqv
South Africa,Cape Town,Cape Town,Capital of South Africa,/m/01yj2
Saudi Arabia,Jeddah,Jeddah,City in Saudi Arabia,/m/01pk8b
Afghanistan,Kabul,Kabul,Capital of Afghanistan,/m/0494n
Nigeria,Kano,Kano,City in Nigeria,/m/02jttf
Bangladesh,Chattogram,Chattogram,City in Bangladesh,/m/021j38
United States,Los Angeles,Los Angeles,City in California,/m/030qb3t
Japan,Yokohama,Yokohama,City in Japan,/m/0kstw
"Korea, Republic of",Busan,Busan,City in South Korea,/m/0hv7l
Turkey,Ankara,Ankara,Capital of Turkey,/m/0jyw
Germany,Berlin,Berlin,Capital of Germany,/m/0156q
Spain,Madrid,Madrid,Capital of Spain,/m/056_y
Morocco,Casablanca,Casablanca,City in Morocco,/m/022b_
"Venezuela, Bolivarian Rep. of",Caracas,Caracas,Capital of Venezuela,/m/0fcyj
Argentina,Buenos Aires,Buenos Aires,Capital of Argentina,/m/01ly5m
Indonesia,Surabaya,Surabaya,City in Indonesia,/m/01f4xd
Ukraine,Kyiv,Kyiv,Capital of Ukraine,/m/02sn34
Ecuador,Quito,Quito,Capital of Ecuador,/m/01dtq1
Angola,Luanda,Luanda,Capital of Angola,/m/04nsy
Philippines,Quezon City,Quezon City,City in the Philippines,/m/01pt5w
Ethiopia,Addis Ababa,Addis Ababa,Capital of Ethiopia,/m/0dttf
Kenya,Nairobi,Nairobi,Capital of Kenya,/m/05d49
Ecuador,Guayaquil,Guayaquil,City in Ecuador,/m/01fknt
Canada,Toronto,Toronto,"City in Ontario, Canada",/m/0h7h6
Somalia,Mogadishu,Mogadishu,Capital of Somalia,/m/0gclb
Senegal,Dakar,Dakar,Capital of Senegal,/m/0c1xm
Colombia,Cali,Cali,City in Colombia,/m/01pssf
Italy,Rome,Rome,Capital of Italy,/m/06c62
"Iran, Islamic Rep. of",Mashhad,Mashhad,City in Iran,/m/024hh1
"Venezuela, Bolivarian Rep. of",Maracaibo,Maracaibo,City in Venezuela,/m/01l263
Dominican Republic,Santo Domingo,Santo Domingo,Capital of the Dominican Republic,/m/0fthl
France,Paris,Paris,Capital of France,/m/05qtj
Syrian Arab Republic,Aleppo,Aleppo,City in Syria,/m/01505k
Bolivia,La Paz,La Paz,Capital of Bolivia,/m/0brq4
Uzbekistan,Tashkent,Tashkent,Capital of Uzbekistan,/m/0fsmy
Kazakhstan,Almaty,Almaty,City in Kazakhstan,/m/0151s1
"Sudan, The Republic of",Khartoum,Khartoum,Capital of Sudan,/m/04d_m
Ghana,Accra,Accra,Capital of Ghana,/m/0fnyc
Mexico,Tijuana,Tijuana,City in Mexico,/m/0pswc
Lebanon,Beirut,Beirut,Capital of Lebanon,/m/09bjv
Romania,Bucharest,Bucharest,Capital of Romania,/m/096gm
Germany,Hamburg,Hamburg,City in Germany,/m/03hrz
Belarus,Minsk,Minsk,Capital of Belarus,/m/0dlxj
Hungary,Budapest,Budapest,Capital of Hungary,/m/095w_
Poland,Warsaw,Warsaw,Capital of Poland,/m/081m_
Austria,Vienna,Vienna,Capital of Austria,/m/0fhp9
Morocco,Rabat,Rabat,Capital of Morocco,/m/0fs44
Spain,Barcelona,Barcelona,City in Spain,/m/01f62
Cambodia,Phnom Penh,Phnom Penh,Capital of Cambodia,/m/0dlwj
Syrian Arab Republic,Damascus,Damascus,Capital of Syria,/m/02gjp
Zimbabwe,Harare,Harare,Capital of Zimbabwe,/m/0fngf
Sweden,Stockholm,Stockholm,Capital of Sweden,/m/06mxs
Paraguay,Asunción,Asunción,Capital of Paraguay,/m/0fn_m
Ghana,Kumasi,Kumasi,City in Ghana,/m/025y67
Nepal,Kathmandu,Kathmandu,Capital of Nepal,/m/04cx5
Ukraine,Kharkiv,Kharkiv,City in Ukraine,/m/082sy9
Madagascar,Antananarivo,Antananarivo,Capital of Madagascar,/m/0fm_1
"Congo, Democratic Republic of the",Lubumbashi,Lubumbashi,City in the Democratic Republic of the Congo,/m/02kr5p
Italy,Milan,Milan,City in Italy,/m/0947l
Uganda,Kampala,Kampala,Capital of Uganda,/m/0fngy
Cameroon,Douala,Douala,City in Cameroon,/m/0dbks
Argentina,Córdoba,Córdoba,City in Argentina,/m/01k03r
Peru,Callao,Callao,City in Peru,/m/01r2dw
Cameroon,Yaoundé,Yaoundé,Capital of Cameroon,/m/01y58d
Mali,Bamako,Bamako,Capital of Mali,/m/0fn13
Congo,Brazzaville,Brazzaville,Capital of Congo,/m/0dvlx
Jordan,Amman,Amman,Capital of Jordan,/m/0c7zf
United Arab Emirates,Sharjah,Sharjah,City in the United Arab Emirates,/m/03w9gtf
Serbia,Belgrade,Belgrade,Capital of Serbia,/m/0fhzf
Uruguay,Montevideo,Montevideo,Capital of Uruguay,/m/09jp3
Zambia,Lusaka,Lusaka,Capital of Zambia,/m/0j3vl
Myanmar,Mandalay,Mandalay,City in Myanmar,/m/024bg7
Zimbabwe,Bulawayo,Bulawayo,City in Zimbabwe,/m/01zsfx
"Sudan, The Republic of",Omdurman,Omdurman,City in Sudan,/m/0pk_y
Kazakhstan,Shymkent,Shymkent,City in Kazakhstan,/m/075dh9
Mozambique,Maputo,Maputo,Capital of Mozambique,/m/0fqby
Czech Republic,Prague,Prague,Capital of the Czech Republic,/m/05ywg
Denmark,Copenhagen,Copenhagen,Capital of Denmark,/m/01lfy
Bulgaria,Sofia,Sofia,Capital of Bulgaria,/m/0ftjx
Libyan Arab Jamahiriya,Tripoli,Tripoli,Capital of Libya,/m/07p7g
United Kingdom,Birmingham,Birmingham,City in England,/m/0k33p
Rwanda,Kigali,Kigali,Capital of Rwanda,/m/0fnhf
Azerbaijan,Baku,Baku,Capital of Azerbaijan,/m/01gf5
Armenia,Yerevan,Yerevan,Capital of Armenia,/m/0889d
Georgia,Tbilisi,Tbilisi,Capital of Georgia,/m/0bm4j
Mozambique,Matola,Matola,City in Mozambique,/m/057jcq
Ireland,Dublin,Dublin,Capital of the Republic of Ireland,/m/02cft
Belgium,Brussels,Brussels,Capital of Belgium,/m/02rnbv
Uzbekistan,Namangan,Namangan,City in Uzbekistan,/m/06trmh
Guatemala,Guatemala City,Guatemala City,Capital of Guatemala,/m/0346h
Nicaragua,Managua,Managua,Capital of Nicaragua,/m/0fqbf
Israel,Jerusalem,Jerusalem,Capital of Israel,/m/0430_
Liberia,Monrovia,Monrovia,City in California,/m/0r0p4
Jamaica,Kingston,Kingston,"City in Ontario, Canada",/m/0t6sb
Burkina Faso,Bobo-Dioulasso,Bobo-Dioulasso,City in Burkina Faso,/m/02752b
Malaysia,Petaling Jaya,Petaling Jaya,City in Malaysia,/m/03dqts
Senegal,Pikine,Pikine,City in Senegal,/m/0ggy67
France,Marseille,Marseille,City in France,/m/0jdtt
Yemen,Aden,Aden,City in Yemen,/m/09h6g
Honduras,Tegucigalpa,Tegucigalpa,Capital of Honduras,/m/0ftld
Cambodia,Takeo,Takeo,"City in Kyushu, Japan",/m/01wq65
Libyan Arab Jamahiriya,Benghazi,Benghazi,City in Libya,/m/01czt9
Sierra Leone,Freetown,Freetown,Capital of Sierra Leone,/m/0fnc_
Honduras,San Pedro Sula,San Pedro Sula,City in Honduras,/m/01dgw0
Oman,Muscat,Muscat,Capital of Oman,/m/0fqds
Jordan,Zarqa,Zarqa,City in Jordan,/m/04dkdf
Benin,Cotonou,Cotonou,City in Benin,/m/0fn95
Poland,Łódź,Łódź,City in Poland,/m/0c6fz
Latvia,Riga,Riga,Capital of Latvia,/m/06cn5
Netherlands,Amsterdam,Amsterdam,Capital of the Netherlands,/m/0k3p
Bosnia and Herzegovina,Sarajevo,Sarajevo,Capital of Bosnia and Herzegovina,/m/06n8j
Tunisia,Tunis,Tunis,Capital of Tunisia,/m/0ftn8
Tajikistan,Dushanbe,Dushanbe,Capital of Tajikistan,/m/0fnc4
Greece,Athens,Athens,Capital of Greece,/m/0n2z
Croatia,Zagreb,Zagreb,Capital of Croatia,/m/0fhzy
Mauritania,Nouakchott,Nouakchott,Capital of Mauritania,/m/0dlx0
Congo,Pointe-Noire,Pointe-Noire,City in Congo,/m/040hql
Finland,Helsinki,Helsinki,Capital of Finland,/m/03khn
Sri Lanka,Colombo,Colombo,Capital of Sri Lanka,/m/0fn7r
Malawi,Lilongwe,Lilongwe,Capital of Malawi,/m/0fq7l
Djibouti,Djibouti,Djibouti,Capital of Djibouti,/m/028096h
Guatemala,Villa Nueva,Villa Nueva,City in Guatemala,/m/078z4y
Netherlands,Rotterdam,Rotterdam,City in the Netherlands,/m/06hdk
Malawi,Blantyre,Blantyre,City in Malawi,/m/02zv5r
Norway,Oslo,Oslo,Capital of Norway,/m/05l64
Chile,Puente Alto,Puente Alto,City in Chile,/m/0ggcl3
Eritrea,Asmara,Asmara,Capital of Eritrea,/m/0fnz8
Kosovo,Pristina,Pristina,City,/m/01nyhl
Central African Republic,Bangui,Bangui,Capital of the Central African Republic,/m/0fn2z
El Salvador,San Salvador,San Salvador,Capital of El Salvador,/m/0ftfw
Portugal,Lisbon,Lisbon,Capital of Portugal,/m/04llb
Ethiopia,Jijiga,Jijiga,City in Ethiopia,/m/05g9j5
"Macedonia, The former Yugoslav Rep. of",Skopje,Skopje,Capital of the Republic of Macedonia,/m/07bbc
Oman,Seeb,Seeb,City in Oman,/m/06d2nj
Zambia,Ndola,Ndola,City in Zambia,/m/04gp06
"South Sudan, The Republic of",Juba,Juba,Capital of South Sudan,/m/057686
"Tanzania, United Republic of",Mwanza,Mwanza,City in Tanzania,/m/05lj_j
Slovakia,Bratislava,Bratislava,Capital of Slovakia,/m/015g7
Albania,Tirana,Tirana,Capital of Albania,/m/07m_f
Puerto Rico,San Juan,San Juan,City in Argentina,/m/05dwk_
New Zealand,Auckland,Auckland,"City in the North Island, New Zealand",/m/012ts
West Bank and Gaza Strip,Gaza,Gaza,City,/m/0fdkl
Estonia,Tallinn,Tallinn,Capital of Estonia,/m/07r_p
Thailand,Samut Prakan,Samut Prakan,City in Thailand,/g/1211wy5y
Guinea-Bissau,Bissau,Bissau,Capital of Guinea-Bissau,/m/0fn57
New Zealand,Wellington,Wellington,Capital of New Zealand,/m/0853g
Czech Republic,Brno,Brno,City in the Czech Republic,/m/0fs_s
Nepal,Bharatpur,Bharatpur,City in India,/m/02r82ff
Bulgaria,Plovdiv,Plovdiv,City in Bulgaria,/m/018ym2
Qatar,Doha,Doha,Capital of Qatar,/m/0f2yw
Switzerland,Zürich,Zürich,City in Switzerland,/m/08966
Costa Rica,San José,San José,Capital of Costa Rica,/m/01g3b2
Madagascar,Toamasina,Toamasina,City in Madagascar,/m/0560dh
Kyrgyzstan,Osh,Osh,City in Kyrgyzstan,/m/04r1h6
Panama,San Miguelito,San Miguelito,City in Panama,/m/06d5h0
Paraguay,Ciudad del Este,Ciudad del Este,City in Paraguay,/m/01rd8d
Austria,Graz,Graz,City in Austria,/m/0d1yn
Lithuania,Kaunas,Kaunas,City in Lithuania,/m/0171b8
Norway,Bergen,Bergen,City in Norway,/m/0fm7s
Papua New Guinea,Port Moresby,Port Moresby,Capital of Papua New Guinea,/m/0fs0v
Tunisia,Sfax,Sfax,City in Tunisia,/m/06t1kx
Tajikistan,Isfara,Isfara,City in Tajikistan,/m/028qk3
Slovenia,Ljubljana,Ljubljana,Capital of Slovenia,/m/0bmm4
Finland,Espoo,Espoo,City in Finland,/m/0c75w
Serbia,Niš,Niš,City in Serbia,/m/01k_9h
Montenegro,Podgorica,Podgorica,Capital of Montenegro,/m/0174pr
Guyana,Georgetown,Georgetown,City in Texas,/m/010c2g
Slovakia,Košice,Košice,City in Slovakia,/m/01t4hj
Bahamas,Nassau,Nassau,Capital of the Bahamas,/m/05hcy
Bosnia and Herzegovina,Banja Luka,Banja Luka,City in Bosnia and Herzegovina,/m/0222kd
Puerto Rico,Bayamón,Bayamón,Puerto Rican Municipality,/m/0l_0q
Hungary,Debrecen,Debrecen,City in Hungary,/m/01gchw
Cyprus,Nicosia,Nicosia,Capital of Cyprus,/m/0fqg8
Lao People's Dem. Rep.,Vientiane,Vientiane,Capital of Laos,/m/0ftp8
Niger,Zinder,Zinder,City in Niger,/m/02751d
Georgia,Batumi,Batumi,City in Georgia,/m/0c26g
Kosovo,Prizren,Prizren,City,/m/01pslg
"Moldova, Republic of",Tiraspol,Tiraspol,City in Moldova,/m/0pdbs
Equatorial Guinea,Malabo,Malabo,Capital of Equatorial Guinea,/m/0d0vv
Mauritius,Port Louis,Port Louis,Capital of Mauritius,/m/0fs0b
Cyprus,Limassol,Limassol,City in Cyprus,/m/0ft08
Timor-Leste,Dili,Dili,Capital of Timor-Leste,/m/0d3zc
Croatia,Split,Split,City in Croatia,/m/01g_k3
Armenia,Gyumri,Gyumri,Municipality in Armenia,/m/058b5j
Bahrain,Manama,Manama,Capital of Bahrain,/m/054jj
Uganda,Gulu,Gulu,City in Uganda,/m/079z6d
Nicaragua,León,León,City in Mexico,/m/01fsrw
Rwanda,Gisenyi,Gisenyi,City in Rwanda,/m/0620wg
Chad,Moundou,Moundou,City in Chad,/m/03cgw9
Lao People's Dem. Rep.,Savannakhet,Savannakhet,City in Laos,/m/05d_bs
Albania,Durrës,Durrës,City in Albania,/m/01n2gr
Iceland,Reykjavík,Reykjavík,Capital of Iceland,/m/06flg
Lesotho,Maseru,Maseru,Capital of Lesotho,/m/0fqcf
Latvia,Daugavpils,Daugavpils,City in Latvia,/m/019xrv
Swaziland,Manzini,Manzini,City in Swaziland,/m/096rgb
Gabon,Port-Gentil,Port-Gentil,City in Gabon,/m/04lz4y
Uruguay,Salto,Salto,Municipality in Brazil,/m/0g7l70
Barbados,Bridgetown,Bridgetown,Capital of Barbados,/m/0fn5r
Mongolia,Erdenet,Erdenet,City in Mongolia,/m/03cfzk
Slovenia,Maribor,Maribor,City in Slovenia,/m/0565d
Estonia,Tartu,Tartu,City in Estonia,/m/07sb1
Gambia,Brikama,Brikama,City in Gambia,/m/05hg9f
Fiji,Suva,Suva,Capital of Fiji,/m/0bsl6
Luxembourg,Luxembourg,Luxembourg,Capital of Luxembourg,/m/0fq8f
Papua New Guinea,Lae,Lae,City in Papua New Guinea,/m/02lvj5
"Macedonia, The former Yugoslav Rep. of",Kumanovo,Kumanovo,City,/m/04xs0d
Mauritania,Nouadhibou,Nouadhibou,City in Mauritania,/m/02750z
Burundi,Muyinga,Muyinga,City in Burundi,/m/07gyyn
Cape Verde,Mindelo,Mindelo,"City in São Vicente, Cabo Verde",/m/0k02b
Brunei Darussalam,Bandar Seri Begawan,Bandar Seri Begawan,Capital of Brunei,/m/0fn1m
Belize,Belize City,Belize City,City in Belize,/m/0177xm
Namibia,Rundu,Rundu,City in Namibia,/m/0b83_d
Solomon Islands,Honiara,Honiara,Capital of the Solomon Islands,/m/0fq48
Liberia,Gbarnga,Gbarnga,City in Liberia,/m/05bj20
Guyana,Linden,Linden,City in New Jersey,/m/0xt0t
Comoros,Moroni,Moroni,Capital of Comoros,/m/01qk24
Samoa,Apia,Apia,Capital of Samoa,/m/0fnzs
Kiribati,Tarawa,Tarawa,City in Kiribati,/m/03gjmm
Aruba,Oranjestad,Oranjestad,Capital of Aruba,/m/026mph
Belize,San Ignacio,San Ignacio,City in Paraguay,/m/03qn6_h
Marshall Islands,Majuro,Majuro,City in the Marshall Islands,/m/0fq8y
Saint Vincent and the Grenadines,Kingstown,Kingstown,Capital of Saint Vincent and the Grenadines,/m/037j8q
Malta,Birkirkara,Birkirkara,City in Malta,/m/030nt9
Seychelles,Victoria,Victoria,"City in British Columbia, Canada",/m/07ypt
Timor-Leste,Maliana,Maliana,City in Timor-Leste,/m/0bs5_7
Andorra,Andorra la Vella,Andorra la Vella,Capital of Andorra,/m/0g53z
Saint Lucia,Castries,Castries,Capital of Saint Lucia,/m/0fn6r
Suriname,Lelydorp,Lelydorp,City in Suriname,/m/0b840v
Dominica,Roseau,Roseau,City in Minnesota,/m/0wh8h
Palau,Koror,Koror,City in Palau,/g/1216fcpz
Vanuatu,Luganville,Luganville,"City in Espiritu Santo, Vanuatu",/m/04p72f
Tuvalu,Funafuti,Funafuti,City in Tuvalu,/m/0d7f3
Barbados,Speightstown,Speightstown,City in Geography of Barbados,/m/04dq5t
Dominica,Portsmouth,Portsmouth,City in England,/m/0619_
Grenada,Gouyave,Gouyave,City in Grenada,/m/027xhrv
Turkey,Istanbul,İstanbul,City in Turkey,/m/09949m
United States,New York City,New York,City in New York State,/m/02_286
"Taiwan, China",Taipei,Taipei City,Capital of Taiwan,/m/0ftkx
Singapore,Singapore,Singapore,Country in Asia,/m/06t2t
Myanmar,Yangon,Yangon,City in Myanmar,/m/0fs54
Saudi Arabia,Riyadh,Riyadh,Capital of Saudi Arabia,/m/0dlm_
United Arab Emirates,Dubai,Dubai,City in the United Arab Emirates,/m/01f08r
Algeria,Algiers,Algiers [El Djazaïr],Capital of Algeria,/m/0rtv
Yemen,Sanaa,Sana'a,Capital of Yemen,/m/0fyc5
Guinea,Conakry,Conakry,Capital of Guinea,/m/0fn8p
Kenya,Kakamega,Kakamega,Town in Kenya,/m/03g2sg
Bolivia,Santa Cruz de la Sierra,Santa Cruz De La Sierra,Municipality in Bolivia,/g/11x9877j6
Philippines,Davao,Davao City,City in the Philippines,/m/02gn1x
Guinea,Kankan,Kankan,City in Guinea,/m/05dls9
Canada,Montréal,Montreal,"City in Québec, Canada",/m/052p7
"Taiwan, China",Kaohsiung,Kaohsiung City,Special municipality,/m/04bnx
Malaysia,Kuala Lumpur,Federal Territory of Kuala Lumpur,Capital of Malaysia,/m/049d1
Côte d'Ivoire,Bouake,Bouake,City in Côte d’Ivoire,/m/0491m9
Dominican Republic,Santiago de los Caballeros,Santiago De Los Caballeros,City in the Dominican Republic,/m/03_33l
Burkina Faso,Ouagadougou,Ouagadougou,Capital of Burkina Faso,/m/0fjw9
Burundi,Bujumbura,Bujumbura,City in Burundi,/m/0fn67
Kyrgyzstan,Bishkek,Bishkek,Capital of Kyrgystan,/m/01g9_
Mongolia,Ulan Bator,Mongolia,UlaanBaatar,/m/0hqkg
Algeria,Boumerdas,Boumerdes,City in Algeria,/m/0b95c8
Niger,Niamey,Niamey,Capital of Niger,/m/0fqfs
Togo,Lomé,Lomé,Capital of Togo,/m/0fqgs
Turkmenistan,Ashgabat,Ashgabat,Capital of Turkmenistan,/m/0fmsx
Macau,Macau,Macao,Special administrative regions of China,/m/04thp
"Moldova, Republic of",Chisinau,Chișinău,Capital of Moldova,/m/0fn77
Sweden,Göteborg,Gothenburg,City in Sweden,/m/0343_
Jamaica,New Kingston,Kingston,Capital of Jamaica,/m/09b8m
Gabon,Libreville,Libreville,Capital of Gabon,/m/0fq73
Lithuania,Vilnius,Vilnius,Capital of Lithuania,/m/07_kq
Belgium,Antwerpen,Antwerp,City in Belgium,/m/0fydw
Somalia,Hargeysa,Hargeisa,Capital of Somaliland,/m/03jl3g
Israel,Tel Aviv,Tel Aviv-Yafo,City in Israel,/m/07qzv
West Bank and Gaza Strip,East Jerusalem,Jerusalem,Capital of Israel,/m/0430_
Panama,Panamá,Panama City,Capital of Panama,/m/0fr_b
Benin,Abomey-Calavi,Abomey Calavi,City in Benin,/m/09ld1z
Romania,Iasi,Iasi,City in Romania,/m/01fhg3
Azerbaijan,Sumqayıt,Sumqayit,City in Azerbaijan,/m/034v4t
Gambia,Serekunda,Serrekunda,Village in Gambia,/m/05hg6w
El Salvador,Soyapango,Soyapango,Municipality in El Salvador,/m/077yt4
Greece,Thessaloníki,Thessaloniki,City in Greece,/m/0b2mc
Denmark,Århus,Aarhus,City in Denmark,/m/0lzp
Ireland,Cork,Cork,City in the Republic of Ireland,/m/0clz7
Namibia,Windhoek,Windhoek,City in Namibia,/m/0ftq7
Portugal,Porto,Porto,City in Portugal,/m/0pmn7
Turkmenistan,Türkmenabat,Turkmenabat,City in Turkmenistan,/m/03v5vl
Suriname,Paramaribo,Paramaribo,Capital of Suriname,/m/0fr_v
Sri Lanka,Maharagama,Maharagama,Town in Sri Lanka,/m/02r8j8r
Botswana,Gaborone,Gaborone,Capital of Botswana,/m/0fndh
Switzerland,Genève,Geneva,City in Switzerland,/m/03902
Equatorial Guinea,Bata,Bata,City in Equatorial Guinea,/m/05ntrm
Kuwait,Ḩawallī,Hawally,City in Kuwait,/m/0bmbnzr
Mali,Ségou,Segou,Town in Mali,/m/04vhzf
Togo,Sokodé,Sokode,City in Togo,/m/02hz1t
Mauritius,Vacoas,Vacoas-Phoenix,Town in Mauritius,/m/07c1lm
Cape Verde,Praia,Praia,Capital of Cape Verde,/m/0fs39
Bhutan,Thimphu,Thimphu,Capital of Bhutan,/m/0ftms
Fiji,Nasinu,Nasinu,"Town in Viti Levu, Fiji",/m/0976yl
Botswana,Francistown,Francistown,City in Botswana,/m/05sd_c
Swaziland,Mbabane,Mbabane,City in Swaziland,/m/0fqcy
Trinidad and Tobago,Port of Spain,Port of Spain,Capital of Trinidad and Tobago,/m/0fs29
Montenegro,Nikšić,Niksic,City in Montenegro,/m/01psfx
Trinidad and Tobago,Mon Repos,San Fernando,"City on Trinidad, Trinidad and Tobago",/m/03vh3c
Sao Tome and Principe,São Tomé,São Thomé das Letras,Municipality in Brazil,/m/0dpct8
Bahamas,Lucaya,Lucaya,"Suburb in Freeport, The Bahamas",/m/02pn_34
Iceland,Kópavogur,Kópavogur,Town in Iceland,/m/02lvqf
Vanuatu,Port-Vila,Port-Vila,City in Vanuatu,/m/0fs1b
Malta,San Pawl il-Baħar,St. Paul's Bay,Topic,/m/04vf0y
Brunei Darussalam,Kuala Belait,Kuala Belait,Town in Brunei,/m/07lfs8
Luxembourg,Esch-sur-Alzette,Esch-sur-Alzette,City in Luxembourg,/m/01kj75
Bhutan,Phuntsholing,Thimphu,Capital of Bhutan,/m/0ftms
Antigua and Barbuda,Saint John’s,St. John's,"City in Newfoundland and Labrador, Canada",/m/0j8p6
Comoros,Moutsamoudou,Mutsamudu,"City in Nzwani, Comoros",/m/099smj
Guinea-Bissau,Bafatá,Bissau,Capital of Guinea-Bissau,/m/0fn57
Andorra,les Escaldes,Les Escaldes,City in Andorra,/m/0h5ydy
Marshall Islands,Ebaye,Ebeye,Island in the Marshall Islands,/m/02vdr5
Palau,Koror Town,Koror,City in Palau,/g/1216fcpz
Maldives,Male,Malé,Capital of the Maldives,/m/0fq9y
San Marino,Serravalle,Serravalle,San Marino,/m/06hh17
Samoa,Asau,Asau,"Village in Savai'i, Samoa",/m/09gjr59
Seychelles,Anse Boileau,Anse Boileau,Topic,/m/07v5vv
Lebanon,Ra’s Bayrūt,Tripoli,City in Lebanon,/m/01np92
Sierra Leone,Bo,Bo,City in Sierra Leone,/m/05bjh1
Angola,N’dalatando,N'dalatando,Town in Angola,/m/09dlcj
Chad,N'Djamena,N'Djamena,Capital of Chad,/m/0fqf8
Costa Rica,Limón,Limon,City in Costa Rica,/m/0130ysp0
"Hong Kong, China",Hong Kong,Hong Kong,Special administrative regions of China,/m/03h64
Kuwait,Al Aḩmadī,Ahmadi,Town in Kuwait,/m/0bmjryq
Iraq,Al Mawşil al Jadīdah,Al Mawsil Al Jadidah,Topic,/g/1trvjxp5
Maldives,Male,Malé,Capital of the Maldives,/m/0fq9y
Bahrain,Ar Rifā‘,Riffa,City in Bahrain,/m/047d7dl
Eritrea,Keren,Keren,City in Eritrea,/m/06j09c
Djibouti,Ali Sabieh,Ali Sabieh,City in Djibouti,/m/09bb1z
Haiti,Carrefour,Carrefour,Commune in Haiti,/m/05tvwy
Qatar,Ar Rayyān,Ar-Rayyan,City in Qatar,/g/1211r798
Afghanistan,Herāt,Herat,City in Afghanistan,/m/03ntv
"South Sudan, The Republic of",Yei,Yei,Town in South Sudan,/m/070563
Haiti,Port-au-Prince,Port-au-Prince,Capital of Haiti,/m/0fs1v